Time, Finish
7.219692,1
8.102505,2
9.308384,3
9.831274,4
11.32529,5
11.74692,6
12.22268,7
15.68201,8
15.7929,9
16.79505,10
16.9003,11
17.30788,12
18.34665,13
19.93969,14
22.70501,15
23.41587,16
23.9967,17
25.39673,18
25.76043,19
25.83034,20
26.16627,21
26.51407,22
