Time, Finish
1,1,1,1,0,0
1,1,1,2,0.2800007,0.25
1,1,1,3,0.5400009,0.5
1,1,2,3,0.7999954,0.75
1,1,3,3,1.059998,1
